iso_alpha3,iso_alpha2,country_short,country_full,latitude,longitude
ABW,AW,Aruba,Aruba,12.5,-69.966667
AFG,AF,Afghanistan,Islamic Republic of Afghanistan,33,66
AGO,AO,Angola,Republic of Angola,-12.5,18.5
AIA,AI,Anguilla,Anguilla,18.216667,-63.05
ALB,AL,Albania,Republic of Albania,41,20
AND,AD,Andorra,Principality of Andorra,42.5,1.5
ARE,AE,United Arab Emirates,United Arab Emirates,24,54
ARG,AR,Argentina,Argentine Republic,-34,-64
ARM,AM,Armenia,Republic of Armenia,40,45
ASM,AS,American Samoa,Territory of American Samoa,-14.3333333,-170
ATF,TF,French Southern and Antarctic Lands,French Southern and Antarctic Lands,-43,67
ATG,AG,Antigua and Barbuda,Antigua and Barbuda,17.05,-61.8
AUS,AU,Australia,Commonwealth of Australia,-25,135
AUT,AT,Austria,Republic of Austria,47.333333,13.333333
AZE,AZ,Azerbaijan,Republic of Azerbaijan,40.5,47.5
BDI,BI,Burundi,Republic of Burundi,-3.5,30
BEL,BE,Belgium,Kingdom of Belgium,50.833333,4
BEN,BJ,Benin,Republic of Benin,9.5,2.25
BES,BQ,Bonaire,Bonaire,12.2,-68.25
BFA,BF,Burkina Faso,Burkina Faso,13,-2
BGD,BD,Bangladesh,People's Republic of Bangladesh,24,90
BGR,BG,Bulgaria,Republic of Bulgaria,43,25
BHR,BH,Bahrain,Kingdom of Bahrain,26,50.5
BHS,BS,Bahamas,Commonwealth of The Bahamas,24,-76
BIH,BA,Bosnia and Herzegovina,Bosnia and Herzegovina,44.25,17.833333
BLM,BL,Saint Barthelemy,Saint Barthelemy,17.9,-62.833333
BLR,BY,Belarus,Republic of Belarus,53,28
BLZ,BZ,Belize,Belize,17.25,-88.75
BMU,BM,Bermuda,Bermuda,32.333333,-64.75
BOL,BO,Bolivia,Plurinational State of Bolivia,-17,-65
BRA,BR,Brazil,Federative Republic of Brazil,-10,-55
BRB,BB,Barbados,Barbados,13.166667,-59.533333
BRN,BN,Brunei,Negara Brunei Darussalam,4.5,114.666667
BTN,BT,Bhutan,Kingdom of Bhutan,27.5,90.5
BVT,BV,Bouvet Island,Bouvet Island,-54.433333,3.4
BWA,BW,Botswana,Republic of Botswana,-22,24
CAF,CF,Central African Republic,Central African Republic,7,21
CAN,CA,Canada,Canada,60,-96
CCK,CC,Cocos (Keeling) Islands,Territory of Cocos (Keeling) Islands,-12,96.833333
CHE,CH,Switzerland,Swiss Confederation,47,8
CHL,CL,Chile,Republic of Chile,-30,-71
CHN,CN,China,People's Republic of China,35,105
CIV,CI,Cote d'Ivoire,Republic of Cote d'Ivoire,8,-5
CMR,CM,Cameroon,Republic of Cameroon,6,12
COD,CD,Democratic Republic of the Congo,Democratic Republic of the Congo,0,25
COG,CG,Republic of the Congo,Republic of the Congo,-1,15
COK,CK,Cook Islands,Cook Islands,-16.083333,-161.583333
COL,CO,Colombia,Republic of Colombia,4,-72
COM,KM,Comoros,Union of the Comoros,-12.166667,44.25
CPV,CV,Cape Verde,Republic of Cape Verde,16,-24
CRI,CR,Costa Rica,Republic of Costa Rica,10,-84
CUB,CU,Cuba,Republic of Cuba,22,-79.5
CUW,CW,Curaçao,Land Curacao,12.166667,-69
CXR,CX,Christmas Island,Territory of Christmas Island,-10.5,105.666667
CYM,KY,Cayman Islands,Cayman Islands,19.5,-80.666667
CYP,CY,Cyprus,Republic of Cyprus,35,33
CZE,CZ,Czech Republic,Czech Republic,49.75,15
DEU,DE,Germany,Federal Republic of Germany,51.5,10.5
DJI,DJ,Djibouti,Republic of Djibouti,11.5,42.5
DMA,DM,Dominica,Commonwealth of Dominica,15.5,-61.333333
DNK,DK,Denmark,Kingdom of Denmark,56,10
DOM,DO,Dominican Republic,Dominican Republic,19,-70.666667
DZA,DZ,Algeria,People's Democratic Republic of Algeria,28,3
ECU,EC,Ecuador,Republic of Ecuador,-2,-77.5
EGY,EG,Egypt,Arab Republic of Egypt,27,30
ERI,ER,Eritrea,State of Eritrea,15,39
ESH,EH,Western Sahara,Western Sahara,25,-13.5
ESP,ES,Spain,Kingdom of Spain,40,-4
EST,EE,Estonia,Republic of Estonia,59,26
ETH,ET,Ethiopia,Federal Democratic Republic of Ethiopia,8,38
FIN,FI,Finland,Republic of Finland,64,26
FJI,FJ,Fiji,Republic of Fiji,-18,178
FLK,FK,Falkland Islands,Falkland Islands (Islas Malvinas),-51.75,-59.166667
FRA,FR,France,French Republic,46,2
FRO,FO,Faroe Islands,Faroe Islands,62,-7
FSM,FM,Federated States of Micronesia,Federated States of Micronesia,5,152
GAB,GA,Gabon,Gabonese Republic,-1,11.75
GBR,GB,United Kingdom,United Kingdom of Great Britain and Northern Ireland,54,-4
GEO,GE,Georgia,Georgia,41.999981,43.499905
GGY,GG,Guernsey,Bailiwick of Guernsey,49.583333,-2.333333
GHA,GH,Ghana,Republic of Ghana,8,-2
GIB,GI,Gibraltar,Gibraltar,36.133333,-5.35
GIN,GN,Guinea,Republic of Guinea,11,-10
GLP,GP,Guadeloupe,Department of Guadeloupe,16.25,-61.583333
GMB,GM,Gambia,Republic of The Gambia,13.5,-15.5
GNB,GW,Guinea-Bissau,Republic of Guinea-Bissau,12,-15
GNQ,GQ,Equatorial Guinea,Republic of Equatorial Guinea,2,10
GRC,GR,Greece,Hellenic Republic,39,22
GRD,GD,Grenada,Grenada,12.116667,-61.666667
GRL,GL,Greenland,Greenland,72,-40
GTM,GT,Guatemala,Republic of Guatemala,15.5,-90.25
GUF,GF,French Guiana,Department of Guiana,4,-53
GUM,GU,Guam,Territory of Guam,13.4444444,144.7366667
GUY,GY,Guyana,Co-operative Republic of Guyana,5,-59
HKG,HK,Hong Kong,Hong Kong Special Administrative Region,22.25,114.166667
HMD,HM,Heard Island and McDonald Islands,Territory of Heard Island and McDonald Islands,-53,73
HND,HN,Honduras,Republic of Honduras,15,-86.5
HRV,HR,Croatia,Republic of Croatia,45.166667,15.5
HTI,HT,Haiti,Republic of Haiti,19,-72.416667
HUN,HU,Hungary,Republic of Hungary,47,20
IDN,ID,Indonesia,Republic of Indonesia,-5,120
IMN,IM,Isle of Man,Isle of Man,54.25,-4.5
IND,IN,India,Republic of India,20,77
IOT,IO,British Indian Ocean Territory,British Indian Ocean Territory,-6,72
IRL,IE,Ireland,Ireland,53,-8
IRN,IR,Iran,Islamic Republic of Iran,32,53
IRQ,IQ,Iraq,Republic of Iraq,33,44
ISL,IS,Iceland,Republic of Iceland,65,-18
ISR,IL,Israel,State of Israel,31.5,34.75
ITA,IT,Italy,Italian Republic,42.833333,12.833333
JAM,JM,Jamaica,Jamaica,18.25,-77.5
JEY,JE,Jersey,Bailiwick of Jersey,49.216667,-2.116667
JOR,JO,Jordan,Hashemite Kingdom of Jordan,31,36
JPN,JP,Japan,Japan,36,138
KAZ,KZ,Kazakhstan,Republic of Kazakhstan,48,68
KEN,KE,Kenya,Republic of Kenya,1,38
KGZ,KG,Kyrgyzstan,Kyrgyz Republic,41,75
KHM,KH,Cambodia,Kingdom of Cambodia,13,105
KIR,KI,Kiribati,Republic of Kiribati,-5,-170
KNA,KN,Saint Kitts and Nevis,Federation of Saint Kitts and Nevis,17.333333,-62.75
KOR,KR,South Korea,Republic of Korea,37,127.5
KWT,KW,Kuwait,State of Kuwait,29.5,47.75
LAO,LA,Laos,Lao People's Democratic Republic,18,105
LBN,LB,Lebanon,Republic of Lebanon,33.833333,35.833333
LBR,LR,Liberia,Republic of Liberia,6.5,-9.5
LBY,LY,Libya,Libya,25,17
LCA,LC,Saint Lucia,Saint Lucia,13.883333,-60.966667
LIE,LI,Liechtenstein,Principality of Liechtenstein,47.166667,9.533333
LKA,LK,Sri Lanka,Democratic Socialist Republic of Sri Lanka,7,81
LSO,LS,Lesotho,Kingdom of Lesotho,-29.5,28.25
LTU,LT,Lithuania,Republic of Lithuania,56,24
LUX,LU,Luxembourg,Grand Duchy of Luxembourg,49.75,6.166667
LVA,LV,Latvia,Republic of Latvia,57,25
MAC,MO,Macau,Macau Special Administrative Region,22.157778,113.559722
MAF,MF,Saint Martin,Saint Martin,18.075,-63.05833
MAR,MA,Morocco,Kingdom of Morocco,32,-5
MCO,MC,Monaco,Principality of Monaco,43.733333,7.4
MDA,MD,Moldova,Republic of Moldova,47,29
MDG,MG,Madagascar,Republic of Madagascar,-20,47
MDV,MV,Maldives,Republic of Maldives,3.2,73
MEX,MX,Mexico,United Mexican States,23,-102
MHL,MH,Marshall Islands,Republic of the Marshall Islands,10,167
MKD,MK,Macedonia,Republic of Macedonia,41.833333,22
MLI,ML,Mali,Republic of Mali,17,-4
MLT,MT,Malta,Republic of Malta,35.916667,14.433333
MMR,MM,Burma,Union of Burma,22,98
MNE,ME,Montenegro,Montenegro,42.5,19.3
MNG,MN,Mongolia,Mongolia,46,105
MNP,MP,Northern Mariana Islands,Commonwealth of the Northern Mariana Islands,16,146
MOZ,MZ,Mozambique,Republic of Mozambique,-18.25,35
MRT,MR,Mauritania,Islamic Republic of Mauritania,20,-12
MSR,MS,Montserrat,Montserrat,16.75,-62.2
MTQ,MQ,Martinique,Department of Martinique,14.666667,-61
MUS,MU,Mauritius,Republic of Mauritius,-20.3,57.583333
MWI,MW,Malawi,Republic of Malawi,-13.5,34
MYS,MY,Malaysia,Malaysia,2.5,112.5
MYT,YT,Mayotte,Department of Mayotte,-12.833333,45.166667
NAM,NA,Namibia,Republic of Namibia,-22.56,17
NCL,NC,New Caledonia,New Caledonia,-21.5,165.5
NER,NE,Niger,Republic of Niger,16,8
NFK,NF,Norfolk Island,Territory of Norfolk Island,-29.033333,167.95
NGA,NG,Nigeria,Federal Republic of Nigeria,10,8
NIC,NI,Nicaragua,Republic of Nicaragua,13,-85
NIU,NU,Niue,Niue,-19.033333,-169.866667
NLD,NL,Netherlands,Kingdom of the Netherlands,52.5,5.75
NOR,NO,Norway,Kingdom of Norway,62,10
NPL,NP,Nepal,Federal Democratic Republic of Nepal,28,84
NRU,NR,Nauru,Republic of Nauru,-0.533333,166.916667
NZL,NZ,New Zealand,New Zealand,-42,174
OMN,OM,Oman,Sultanate of Oman,21,57
PAK,PK,Pakistan,Islamic Republic of Pakistan,30,70
PAN,PA,Panama,Republic of Panama,9,-80
PCN,PN,Pitcairn Islands,Henderson Ducie and Oeno Islands Pitcairn,-25.066667,-130.1
PER,PE,Peru,Republic of Peru,-10,-76
PHL,PH,Philippines,Republic of the Philippines,13,122
PLW,PW,Palau,Republic of Palau,6,134
PNG,PG,Papua New Guinea,Independent State of Papua New Guinea,-6,147
POL,PL,Poland,Republic of Poland,52,20
PRI,PR,Puerto Rico,Commonwealth of Puerto Rico,18.2482882,-66.4998941
PRK,KP,North Korea,Democratic People's Republic of Korea,40,127
PRT,PT,Portugal,Portuguese Republic,39.5,-8
PRY,PY,Paraguay,Republic of Paraguay,-22.993333,-57.996389
PSE,PS,Palestine,State of Palestine,31.952162,35.233154
PYF,PF,French Polynesia,French Polynesia,-15,-140
QAT,QA,Qatar,State of Qatar,25.5,51.25
REU,RE,Reunion,Department of Reunion,-21.1,55.6
ROU,RO,Romania,Romania,46,25
RUS,RU,Russia,Russian Federation,60,100
RWA,RW,Rwanda,Republic of Rwanda,-2,30
SAU,SA,Saudi Arabia,Kingdom of Saudi Arabia,25,45
SDN,SD,Sudan,Republic of the Sudan,16,30
SEN,SN,Senegal,Republic of Senegal,14,-14
SGP,SG,Singapore,Republic of Singapore,1.366667,103.8
SGS,GS,South Georgia and South Sandwich Islands,South Georgia and the South Sandwich Islands,-56,-33
SHN,SH,Ascension,Ascension and Tristan da Cunha Saint Helena,-15.95,-5.7
SJM,SJ,Svalbard,Svalbard and Jan Mayen,78,20
SLB,SB,Solomon Islands,Solomon Islands,-8,159
SLE,SL,Sierra Leone,Republic of Sierra Leone,8.5,-11.5
SLV,SV,El Salvador,Republic of El Salvador,13.833333,-88.916667
SMR,SM,San Marino,Republic of San Marino,43.933333,12.416667
SOM,SO,Somalia,Somalia,6,48
SPM,PM,Saint Pierre and Miquelon,Territorial Collectivity of Saint Pierre and Miquelon,46.833333,-56.333333
SRB,RS,Serbia,Republic of Serbia,44,21
SSD,SS,South Sudan,Republic of South Sudan,8,30
STP,ST,Sao Tome and Principe,Democratic Republic of Sao Tome and Principe,1,7
SUR,SR,Suriname,Republic of Suriname,4,-56
SVK,SK,Slovakia,Slovak Republic,48.666667,19.5
SVN,SI,Slovenia,Republic of Slovenia,46.25,15.166667
SWE,SE,Sweden,Kingdom of Sweden,62,15
SWZ,SZ,Swaziland,Kingdom of Swaziland,-26.5,31.5
SXM,SX,Sint Maarten,Land Sint Maarten,18.04167,-63.06667
SYC,SC,Seychelles,Republic of Seychelles,-4.583333,55.666667
SYR,SY,Syria,Syrian Arab Republic,35,38
TCA,TC,Turks and Caicos Islands,Turks and Caicos Islands,21.733333,-71.583333
TCD,TD,Chad,Republic of Chad,15,19
TGO,TG,Togo,Togolese Republic,8,1.166667
THA,TH,Thailand,Kingdom of Thailand,15,100
TJK,TJ,Tajikistan,Republic of Tajikistan,39,71
TKL,TK,Tokelau,Tokelau,-9,-171.75
TKM,TM,Turkmenistan,Turkmenistan,40,60
TLS,TL,Timor-Leste,Democratic Republic of Timor-Leste,-8.833333,125.75
TON,TO,Tonga,Kingdom of Tonga,-20,-175
TTO,TT,Trinidad and Tobago,Republic of Trinidad and Tobago,11,-61
TUN,TN,Tunisia,Tunisian Republic,34,9
TUR,TR,Turkey,Republic of Turkey,39.059012,34.911546
TUV,TV,Tuvalu,Tuvalu,-8,178
TWN,TW,Taiwan,Taiwan Province of China,24,121
TZA,TZ,Tanzania,United Republic of Tanzania,-6,35
UGA,UG,Uganda,Republic of Uganda,2,33
UKR,UA,Ukraine,Ukraine,49,32
UMI,UM,US Minor Outlying Islands,United States Minor Outlying Islands,5.8811111,-162.0725
URY,UY,Uruguay,Oriental Republic of Uruguay,-33,-56
USA,US,United States,United States of America,39.828175,-98.5795
UZB,UZ,Uzbekistan,Republic of Uzbekistan,41.707542,63.84911
VAT,VA,Vatican City,State of the Vatican City,41.9,12.45
VCT,VC,Saint Vincent and the Grenadines,Saint Vincent and the Grenadines,13.083333,-61.2
VEN,VE,Venezuela,Bolivarian Republic of Venezuela,8,-66
VGB,VG,British Virgin Islands,British Virgin Islands,18.5,-64.5
VIR,VI,US Virgin Islands,United States Virgin Islands,18.3482891,-64.9834807
VNM,VN,Vietnam,Socialist Republic of Vietnam,16.166667,107.833333
VUT,VU,Vanuatu,Republic of Vanuatu,-16,167
WLF,WF,Wallis and Futuna,Wallis and Futuna,-13.3,-176.2
WSM,WS,Samoa,Independent State of Samoa,-13.803096,-172.178309
XKX,XK,Kosovo,Republic of Kosovo,42.583333,21
YEM,YE,Yemen,Republic of Yemen,15.5,47.5
ZAF,ZA,South Africa,South Africa,-30,26
ZMB,ZM,Zambia,Republic of Zambia,-15,30
ZWE,ZW,Zimbabwe,Republic of Zimbabwe,-19,29