{
  "project_info": {
    "project_number": "1009718286280",
    "firebase_url": "https://final-project-1226f.firebaseio.com",
    "project_id": "final-project-1226f",
    "storage_bucket": "final-project-1226f.appspot.com"
  },
  "client": [
    {
      "client_info": {
        "mobilesdk_app_id": "1:1009718286280:android:86117bd2665c6ff4",
        "android_client_info": {
          "package_name": "ch.neilmfren.solitaire"
        }
      },
      "oauth_client": [
        {
          "client_id": "1009718286280-gm8k1fsq6sqfabgklodl7fcnce82dout.apps.googleusercontent.com",
          "client_type": 3
        }
      ],
      "api_key": [
        {
          "current_key": "AIzaSyAqAqSJQPvG0KmIXi6CszaewSiuGNqh9JU"
        }
      ],
      "services": {
        "analytics_service": {
          "status": 1
        },
        "appinvite_service": {
          "status": 1,
          "other_platform_oauth_client": []
        },
        "ads_service": {
          "status": 2
        }
      }
    }
  ],
  "configuration_version": "1"
}